{"stats":{"minecraft:used":{"minecraft:moss_block":7,"minecraft:oak_trapdoor":3,"minecraft:oak_fence":1,"minecraft:orange_dye":1,"minecraft:stripped_acacia_wood":72,"minecraft:jack_o_lantern":1,"minecraft:flint_and_steel":36,"minecraft:spruce_door":1,"minecraft:orange_concrete":38,"minecraft:snow_block":4,"minecraft:carved_pumpkin":1,"minecraft:armor_stand":19,"minecraft:powered_rail":63,"minecraft:lime_wool":1,"minecraft:ladder":2,"minecraft:oak_sign":17,"minecraft:chest":4,"minecraft:white_terracotta":137,"minecraft:composter":1,"minecraft:white_dye":1,"minecraft:beacon":1,"minecraft:glow_ink_sac":10,"minecraft:player_head":176,"minecraft:green_terracotta":1,"minecraft:netherrack":15,"minecraft:oak_leaves":61,"minecraft:white_candle":4,"minecraft:spruce_leaves":1,"minecraft:torch":8,"minecraft:blue_dye":4,"minecraft:dirt":5,"minecraft:sand":1,"minecraft:rail":58,"minecraft:loom":1,"minecraft:jungle_planks":1,"minecraft:light_gray_terracotta":55,"minecraft:orange_wool":2,"minecraft:pink_dye":3,"minecraft:snowball":91,"minecraft:dark_oak_door":1,"minecraft:lever":79,"minecraft:yellow_dye":2,"minecraft:light":8,"minecraft:black_concrete":224,"minecraft:black_wool":6,"minecraft:firework_rocket":872,"minecraft:lime_banner":1,"minecraft:spruce_wood":45,"minecraft:iron_block":35,"minecraft:grass_block":46,"minecraft:barrier":3,"minecraft:warped_fence":1,"minecraft:red_candle":80,"minecraft:spruce_trapdoor":9,"minecraft:lime_dye":1,"minecraft:item_frame":6,"minecraft:fishing_rod":71,"minecraft:nether_wart_block":30,"minecraft:glowstone":6,"minecraft:lime_concrete":18,"minecraft:snow":128,"minecraft:white_banner":5,"minecraft:red_banner":3,"minecraft:minecart":6,"minecraft:chain":2,"minecraft:gold_block":26,"minecraft:ice":1,"minecraft:white_concrete":51,"minecraft:red_dye":2,"minecraft:powder_snow_bucket":77,"minecraft:orange_stained_glass_pane":3,"minecraft:splash_potion":1},"minecraft:picked_up":{"minecraft:oak_sign":1,"minecraft:player_head":33,"minecraft:sand":1},"minecraft:dropped":{"minecraft:item_frame":1,"minecraft:sand":1},"minecraft:custom":{"minecraft:mob_kills":3,"minecraft:interact_with_loom":3,"minecraft:bell_ring":36,"minecraft:leave_game":6,"minecraft:time_since_death":194735,"minecraft:climb_one_cm":1578,"minecraft:time_since_rest":194780,"minecraft:walk_one_cm":271197,"minecraft:open_enderchest":6,"minecraft:sprint_one_cm":200811,"minecraft:damage_taken":280,"minecraft:trigger_trapped_chest":2,"minecraft:drop":2,"minecraft:damage_dealt":30,"minecraft:minecart_one_cm":152953,"minecraft:interact_with_beacon":2,"minecraft:swim_one_cm":13763,"minecraft:talked_to_villager":25,"minecraft:fly_one_cm":2536179,"minecraft:open_chest":23,"minecraft:crouch_one_cm":23386,"minecraft:play_time":294828,"minecraft:deaths":1,"minecraft:sneak_time":11187,"minecraft:walk_under_water_one_cm":3831,"minecraft:boat_one_cm":77754,"minecraft:aviate_one_cm":6599228,"minecraft:jump":1735,"minecraft:walk_on_water_one_cm":915,"minecraft:total_world_time":294828,"minecraft:inspect_dispenser":9}},"DataVersion":2865}