{"stats":{"minecraft:used":{"minecraft:redstone_torch":6,"minecraft:sticky_piston":3,"minecraft:lever":9,"minecraft:water_bucket":2,"minecraft:writable_book":3,"minecraft:firework_rocket":198,"minecraft:spruce_wood":1,"minecraft:iron_block":52,"minecraft:grass_block":9,"minecraft:redstone":3,"minecraft:elytra":1,"minecraft:oak_sign":4,"minecraft:chest":8,"minecraft:ender_chest":1,"minecraft:stone":197,"minecraft:player_head":42,"minecraft:spruce_leaves":105,"minecraft:snow":38,"minecraft:repeater":1,"minecraft:glowstone":259,"minecraft:redstone_lamp":7,"minecraft:anvil":2,"minecraft:potion":4,"minecraft:gold_block":75,"minecraft:ice":3,"minecraft:powder_snow_bucket":5,"minecraft:spruce_log":3,"minecraft:milk_bucket":6},"minecraft:custom":{"minecraft:time_since_rest":182727,"minecraft:sprint_one_cm":79289,"minecraft:walk_one_cm":86087,"minecraft:drop":6,"minecraft:inspect_hopper":1,"minecraft:fly_one_cm":881032,"minecraft:open_chest":24,"minecraft:crouch_one_cm":56551,"minecraft:play_time":182727,"minecraft:sneak_time":5192,"minecraft:walk_under_water_one_cm":4586,"minecraft:aviate_one_cm":1191843,"minecraft:jump":704,"minecraft:walk_on_water_one_cm":232,"minecraft:leave_game":2,"minecraft:time_since_death":182727,"minecraft:total_world_time":182727},"minecraft:dropped":{"minecraft:spruce_leaves":1,"minecraft:stone":1,"minecraft:player_head":2,"minecraft:glowstone":1,"minecraft:redstone_torch":1},"minecraft:picked_up":{"minecraft:spruce_leaves":1,"minecraft:potion":1,"minecraft:bat_spawn_egg":1,"minecraft:firework_rocket":1,"minecraft:oak_sign":1,"minecraft:writable_book":1,"minecraft:iron_ingot":3,"minecraft:iron_block":1,"minecraft:redstone_torch":1,"minecraft:player_head":61,"minecraft:poppy":2}},"DataVersion":2865}