{"stats":{"minecraft:used":{"minecraft:green_terracotta":1,"minecraft:gold_block":119,"minecraft:lever":2,"minecraft:redstone_lamp":3,"minecraft:pink_wool":5,"minecraft:player_head":1},"minecraft:custom":{"minecraft:jump":14,"minecraft:time_since_rest":10399,"minecraft:leave_game":1,"minecraft:crouch_one_cm":682,"minecraft:sprint_one_cm":1371,"minecraft:play_time":10399,"minecraft:time_since_death":10399,"minecraft:walk_one_cm":1899,"minecraft:sneak_time":1277,"minecraft:total_world_time":10399,"minecraft:drop":1,"minecraft:fly_one_cm":149056},"minecraft:dropped":{"minecraft:pink_wool":1}},"DataVersion":2865}