{"stats":{"minecraft:used":{"minecraft:calcite":12,"minecraft:orange_dye":1,"minecraft:netherite_sword":6,"minecraft:jack_o_lantern":28,"minecraft:writable_book":2,"minecraft:dropper":1,"minecraft:snow_block":41,"minecraft:flint_and_steel":4,"minecraft:carved_pumpkin":3,"minecraft:armor_stand":10,"minecraft:red_stained_glass":320,"minecraft:redstone":108,"minecraft:dispenser":35,"minecraft:powered_rail":142,"minecraft:oak_sign":4,"minecraft:ender_pearl":1,"minecraft:chest":6,"minecraft:ender_chest":4,"minecraft:structure_void":1,"minecraft:spruce_sign":1,"minecraft:bell":1,"minecraft:glow_ink_sac":3,"minecraft:player_head":35,"minecraft:farmland":1,"minecraft:spruce_leaves":2016,"minecraft:torch":1,"minecraft:glow_berries":1,"minecraft:spyglass":38,"minecraft:anvil":1,"minecraft:dirt":142,"minecraft:target":1,"minecraft:rail":208,"minecraft:comparator":3,"minecraft:yellow_terracotta":31,"minecraft:light_blue_dye":1,"minecraft:crafting_table":4,"minecraft:note_block":15,"minecraft:light_blue_stained_glass":348,"minecraft:beehive":1,"minecraft:spruce_fence":23,"minecraft:cake":2,"minecraft:snowball":119,"minecraft:milk_bucket":2,"minecraft:honey_bottle":6,"minecraft:fern":1,"minecraft:shroomlight":27,"minecraft:sticky_piston":1,"minecraft:lever":73,"minecraft:light":3,"minecraft:sea_lantern":66,"minecraft:firework_rocket":10,"minecraft:stripped_dark_oak_wood":2,"minecraft:daylight_detector":1,"minecraft:yellow_stained_glass":266,"minecraft:grass_block":121,"minecraft:stone_button":2,"minecraft:brown_wool":37,"minecraft:barrier":261,"minecraft:tnt_minecart":41,"minecraft:detector_rail":2,"minecraft:repeater":46,"minecraft:potion":1,"minecraft:glowstone":64,"minecraft:fishing_rod":116,"minecraft:red_carpet":5,"minecraft:redstone_lamp":1,"minecraft:bow":2,"minecraft:snow":691,"minecraft:grindstone":33,"minecraft:dark_oak_fence":2,"minecraft:minecart":17,"minecraft:lapis_block":1,"minecraft:gold_block":441,"minecraft:oak_boat":4,"minecraft:polished_blackstone_button":5,"minecraft:white_concrete":88,"minecraft:observer":43,"minecraft:splash_potion":1},"minecraft:picked_up":{"minecraft:barrier":33,"minecraft:lead":2,"minecraft:light":1,"minecraft:dirt":1,"minecraft:wheat_seeds":1,"minecraft:player_head":70,"minecraft:powered_rail":32,"minecraft:structure_void":2,"minecraft:stone_button":2,"minecraft:grass_block":1,"minecraft:redstone":4,"minecraft:firework_rocket":12757,"minecraft:lever":4,"minecraft:writable_book":2,"minecraft:rail":35,"minecraft:snowball":7},"minecraft:killed":{"minecraft:snow_golem":6},"minecraft:dropped":{"minecraft:player_head":2,"minecraft:barrier":128,"minecraft:writable_book":2,"minecraft:firework_rocket":448},"minecraft:custom":{"minecraft:inspect_dropper":2,"minecraft:interact_with_anvil":1,"minecraft:mob_kills":8,"minecraft:inspect_hopper":1,"minecraft:interact_with_crafting_table":36,"minecraft:tune_noteblock":6,"minecraft:bell_ring":18,"minecraft:eat_cake_slice":14,"minecraft:leave_game":4,"minecraft:time_since_death":209149,"minecraft:time_since_rest":209194,"minecraft:open_enderchest":19,"minecraft:sprint_one_cm":4361,"minecraft:damage_taken":280,"minecraft:walk_one_cm":341412,"minecraft:trigger_trapped_chest":1,"minecraft:drop":13,"minecraft:minecart_one_cm":120452,"minecraft:damage_dealt":260,"minecraft:talked_to_villager":1,"minecraft:target_hit":2,"minecraft:fly_one_cm":2754390,"minecraft:pig_one_cm":828,"minecraft:open_chest":42,"minecraft:crouch_one_cm":76000,"minecraft:play_time":364652,"minecraft:deaths":1,"minecraft:sneak_time":46623,"minecraft:boat_one_cm":70471,"minecraft:jump":810,"minecraft:total_world_time":364652,"minecraft:inspect_dispenser":35},"minecraft:crafted":{"minecraft:firework_star":347,"minecraft:firework_rocket":642}},"DataVersion":2865}