{"stats":{"minecraft:killed":{"minecraft:rabbit":6,"minecraft:polar_bear":1,"minecraft:snow_golem":3},"minecraft:used":{"minecraft:snow_block":3,"minecraft:dispenser":12,"minecraft:redstone":138,"minecraft:elytra":1,"minecraft:oak_sign":5,"minecraft:blue_wool":3,"minecraft:smooth_sandstone_slab":4,"minecraft:white_terracotta":447,"minecraft:stone":76,"minecraft:iron_sword":7,"minecraft:structure_void":48,"minecraft:vindicator_spawn_egg":6,"minecraft:player_head":638,"minecraft:smooth_sandstone_stairs":17,"minecraft:torch":1,"minecraft:diamond_block":627,"minecraft:sand":31,"minecraft:anvil":1,"minecraft:crafting_table":3,"minecraft:spruce_stairs":5,"minecraft:crossbow":20,"minecraft:campfire":15,"minecraft:note_block":375,"minecraft:deepslate_lapis_ore":29,"minecraft:snowball":2627,"minecraft:milk_bucket":2,"minecraft:redstone_torch":6,"minecraft:black_terracotta":2,"minecraft:glass":40,"minecraft:light":2,"minecraft:black_concrete":1,"minecraft:firework_rocket":2394,"minecraft:red_wool":1,"minecraft:spruce_wood":509,"minecraft:grass_block":162,"minecraft:stone_button":21,"minecraft:tnt_minecart":909,"minecraft:stone_bricks":23,"minecraft:bedrock":394,"minecraft:deepslate_diamond_ore":99,"minecraft:glowstone":153,"minecraft:repeater":299,"minecraft:snow":634,"minecraft:potion":1,"minecraft:glass_pane":1,"minecraft:gold_block":33,"minecraft:splash_potion":499},"minecraft:custom":{"minecraft:mob_kills":10,"minecraft:interact_with_anvil":1,"minecraft:interact_with_crafting_table":12,"minecraft:tune_noteblock":2154,"minecraft:bell_ring":1141,"minecraft:leave_game":6,"minecraft:time_since_death":282642,"minecraft:time_since_rest":282689,"minecraft:sprint_one_cm":218712,"minecraft:open_enderchest":2,"minecraft:damage_taken":280,"minecraft:walk_one_cm":135882,"minecraft:trigger_trapped_chest":1,"minecraft:drop":12,"minecraft:damage_dealt":586,"minecraft:swim_one_cm":9575,"minecraft:fly_one_cm":6362051,"minecraft:open_chest":7,"minecraft:crouch_one_cm":28819,"minecraft:play_time":298528,"minecraft:deaths":1,"minecraft:sneak_time":13002,"minecraft:walk_under_water_one_cm":317,"minecraft:aviate_one_cm":2787208,"minecraft:jump":2988,"minecraft:walk_on_water_one_cm":165,"minecraft:total_world_time":298528,"minecraft:inspect_dispenser":24},"minecraft:crafted":{"minecraft:firework_star":190,"minecraft:firework_rocket":192},"minecraft:dropped":{"minecraft:minecart":1,"minecraft:command_block":1,"minecraft:activator_rail":1,"minecraft:structure_void":2,"minecraft:bat_spawn_egg":1,"minecraft:rabbit_hide":1,"minecraft:snow":1,"minecraft:redstone_block":2,"minecraft:firework_rocket":2},"minecraft:picked_up":{"minecraft:wheat":3,"minecraft:redstone_block":2,"minecraft:repeater":3,"minecraft:flower_pot":5,"minecraft:potato":8,"minecraft:bat_spawn_egg":1,"minecraft:paper":30,"minecraft:snow":1,"minecraft:activator_rail":1,"minecraft:rabbit_hide":2,"minecraft:iron_ingot":4,"minecraft:player_head":3,"minecraft:rabbit":1,"minecraft:minecart":1,"minecraft:powered_rail":1,"minecraft:torch":7,"minecraft:structure_void":1,"minecraft:stone_button":1,"minecraft:redstone":2,"minecraft:dark_oak_log":6,"minecraft:rabbit_foot":2,"minecraft:command_block":1,"minecraft:crossbow":1,"minecraft:glowstone":1,"minecraft:rail":1,"minecraft:snowball":9}},"DataVersion":2865}