{"stats":{"minecraft:killed":{"minecraft:cod":2,"minecraft:axolotl":1,"minecraft:wolf":1,"minecraft:parrot":1,"minecraft:rabbit":2,"minecraft:iron_golem":1,"minecraft:villager":2,"minecraft:cow":3},"minecraft:used":{"minecraft:oak_trapdoor":2,"minecraft:stripped_acacia_wood":24,"minecraft:music_disc_far":1,"minecraft:trident":3,"minecraft:netherite_sword":19,"minecraft:writable_book":1,"minecraft:enchanting_table":1,"minecraft:music_disc_otherside":3,"minecraft:polished_deepslate":268,"minecraft:orange_concrete":43,"minecraft:carrot_on_a_stick":11,"minecraft:carved_pumpkin":1,"minecraft:red_concrete":55,"minecraft:armor_stand":1,"minecraft:spruce_slab":6,"minecraft:dispenser":4,"minecraft:redstone":149,"minecraft:elytra":6,"minecraft:oak_sign":2,"minecraft:axolotl_spawn_egg":1,"minecraft:spruce_planks":18,"minecraft:tinted_glass":1,"minecraft:stone":24,"minecraft:player_head":3,"minecraft:smooth_sandstone_stairs":25,"minecraft:farmland":1,"minecraft:torch":57,"minecraft:spyglass":148,"minecraft:dirt":4,"minecraft:birch_pressure_plate":2,"minecraft:target":2,"minecraft:twisting_vines":54,"minecraft:cod_bucket":3,"minecraft:axolotl_bucket":2,"minecraft:music_disc_13":1,"minecraft:spruce_fence":16,"minecraft:snowball":329,"minecraft:light_blue_stained_glass":3,"minecraft:milk_bucket":1,"minecraft:glass":159,"minecraft:music_disc_mellohi":1,"minecraft:honey_block":2,"minecraft:sea_lantern":12,"minecraft:villager_spawn_egg":2,"minecraft:music_disc_pigstep":2,"minecraft:red_wool":62,"minecraft:lantern":4,"minecraft:iron_block":16,"minecraft:grass_block":41,"minecraft:slime_block":9,"minecraft:music_disc_ward":1,"minecraft:smooth_sandstone":6,"minecraft:music_disc_chirp":2,"minecraft:lime_dye":1,"minecraft:dark_oak_button":1,"minecraft:music_disc_wait":1,"minecraft:music_disc_stal":1,"minecraft:item_frame":1,"minecraft:birch_button":11,"minecraft:snow":39,"minecraft:purple_concrete":44,"minecraft:glowstone":1,"minecraft:repeater":23,"minecraft:redstone_lamp":8,"minecraft:lime_concrete":43,"minecraft:bow":32,"minecraft:hay_block":2,"minecraft:iron_trapdoor":4,"minecraft:wolf_spawn_egg":1,"minecraft:oak_sapling":1,"minecraft:minecart":5,"minecraft:observer":4,"minecraft:powder_snow_bucket":14,"minecraft:calcite":24,"minecraft:wheat_seeds":1,"minecraft:end_rod":4,"minecraft:leather_leggings":1,"minecraft:cow_spawn_egg":2,"minecraft:snow_block":29,"minecraft:lodestone":2,"minecraft:powered_rail":5,"minecraft:oak_planks":26,"minecraft:smooth_sandstone_slab":16,"minecraft:redstone_block":7,"minecraft:red_mushroom_block":2,"minecraft:composter":2,"minecraft:parrot_spawn_egg":1,"minecraft:glow_ink_sac":1,"minecraft:leather_boots":1,"minecraft:oak_leaves":121,"minecraft:white_wool":80,"minecraft:dark_oak_trapdoor":1,"minecraft:sand":3,"minecraft:rail":14,"minecraft:music_disc_cat":1,"minecraft:light_blue_concrete":44,"minecraft:cut_sandstone_slab":1,"minecraft:oak_slab":6,"minecraft:red_bed":4,"minecraft:yellow_concrete":43,"minecraft:blue_ice":22,"minecraft:campfire":3,"minecraft:cake":7,"minecraft:music_disc_strad":1,"minecraft:redstone_torch":42,"minecraft:sticky_piston":15,"minecraft:lever":1,"minecraft:light":1,"minecraft:black_wool":87,"minecraft:firework_rocket":122,"minecraft:birch_slab":8,"minecraft:music_disc_mall":1,"minecraft:map":4,"minecraft:oak_button":1,"minecraft:stone_button":2,"minecraft:spruce_trapdoor":9,"minecraft:jungle_sign":4,"minecraft:diamond_sword":2,"minecraft:fishing_rod":6,"minecraft:potion":1,"minecraft:grindstone":1,"minecraft:cooked_porkchop":4,"minecraft:bucket":2,"minecraft:chain":2,"minecraft:sea_pickle":19,"minecraft:ice":197,"minecraft:polished_blackstone_button":1,"minecraft:oak_boat":19,"minecraft:tropical_fish_bucket":1,"minecraft:goat_spawn_egg":1,"minecraft:stripped_oak_log":20,"minecraft:white_concrete":594,"minecraft:compass":12,"minecraft:bone_meal":4,"minecraft:splash_potion":4,"minecraft:jukebox":2,"minecraft:soul_torch":4},"minecraft:custom":{"minecraft:mob_kills":13,"minecraft:animals_bred":1,"minecraft:bell_ring":233,"minecraft:eat_cake_slice":2,"minecraft:leave_game":1,"minecraft:time_since_death":212445,"minecraft:climb_one_cm":4640,"minecraft:sprint_one_cm":33710,"minecraft:walk_one_cm":140739,"minecraft:drop":7,"minecraft:talked_to_villager":4,"minecraft:target_hit":24,"minecraft:play_time":212445,"minecraft:sneak_time":13091,"minecraft:walk_under_water_one_cm":13940,"minecraft:boat_one_cm":122720,"minecraft:jump":555,"minecraft:walk_on_water_one_cm":1457,"minecraft:enchant_item":1,"minecraft:total_world_time":212445,"minecraft:play_record":16,"minecraft:traded_with_villager":3,"minecraft:tune_noteblock":194,"minecraft:sleep_in_bed":1,"minecraft:time_since_rest":96210,"minecraft:trigger_trapped_chest":2,"minecraft:minecart_one_cm":6230,"minecraft:damage_dealt":2119,"minecraft:fly_one_cm":3025239,"minecraft:open_chest":22,"minecraft:crouch_one_cm":41998,"minecraft:aviate_one_cm":1298969,"minecraft:fish_caught":1,"minecraft:inspect_dispenser":3},"minecraft:crafted":{"minecraft:emerald":3,"minecraft:air":0},"minecraft:dropped":{"minecraft:iron_ingot":1,"minecraft:cooked_porkchop":3,"minecraft:music_disc_stal":1,"minecraft:netherite_sword":1,"minecraft:bow":1},"minecraft:picked_up":{"minecraft:music_disc_strad":1,"minecraft:potion":6,"minecraft:birch_button":1,"minecraft:music_disc_cat":1,"minecraft:pufferfish":1,"minecraft:netherite_sword":1,"minecraft:music_disc_otherside":3,"minecraft:beef":3,"minecraft:redstone_torch":2,"minecraft:player_head":2,"minecraft:music_disc_mellohi":1,"minecraft:music_disc_pigstep":1,"minecraft:redstone":5,"minecraft:music_disc_ward":1,"minecraft:music_disc_wait":1,"minecraft:cod":2,"minecraft:rail":1,"minecraft:feather":321,"minecraft:tripwire_hook":1,"minecraft:leather":1,"minecraft:music_disc_stal":2,"minecraft:lily_pad":1,"minecraft:lantern":1,"minecraft:iron_ingot":6,"minecraft:music_disc_far":1,"minecraft:music_disc_chirp":2,"minecraft:cooked_porkchop":3,"minecraft:music_disc_13":1,"minecraft:sand":3,"minecraft:music_disc_mall":1,"minecraft:lever":1}},"DataVersion":2865}