{"stats":{"minecraft:used":{"minecraft:stripped_acacia_wood":4,"minecraft:writable_book":1,"minecraft:iron_bars":10,"minecraft:music_disc_otherside":3,"minecraft:polished_deepslate":48,"minecraft:flint_and_steel":6,"minecraft:dispenser":3,"minecraft:red_concrete":1,"minecraft:spruce_slab":49,"minecraft:redstone":17,"minecraft:bone_block":3,"minecraft:elytra":1,"minecraft:oak_sign":8,"minecraft:chest":1,"minecraft:stone":40,"minecraft:bell":1,"minecraft:player_head":36,"minecraft:smooth_sandstone_stairs":69,"minecraft:netherrack":4,"minecraft:oak_door":11,"minecraft:spruce_leaves":3248,"minecraft:torch":2,"minecraft:dirt":2,"minecraft:spyglass":55,"minecraft:anvil":1,"minecraft:light_blue_dye":1,"minecraft:spruce_stairs":206,"minecraft:furnace_minecart":22,"minecraft:pink_dye":1,"minecraft:axolotl_bucket":22,"minecraft:milk_bucket":15,"minecraft:polished_diorite":406,"minecraft:glass":716,"minecraft:stone_brick_slab":19,"minecraft:sea_lantern":4,"minecraft:bricks":62,"minecraft:light_gray_stained_glass":36,"minecraft:villager_spawn_egg":5,"minecraft:red_wool":382,"minecraft:spruce_wood":59,"minecraft:lantern":3,"minecraft:grass_block":55,"minecraft:oak_stairs":28,"minecraft:brick_stairs":28,"minecraft:slime_block":1,"minecraft:smooth_sandstone":279,"minecraft:polished_andesite_stairs":2,"minecraft:polished_deepslate_wall":13,"minecraft:quartz_block":193,"minecraft:red_candle":4,"minecraft:light_blue_bed":1,"minecraft:pink_wool":35,"minecraft:stone_brick_stairs":77,"minecraft:stone_bricks":84,"minecraft:repeater":35,"minecraft:glowstone":157,"minecraft:redstone_lamp":1,"minecraft:bow":5,"minecraft:snow":85,"minecraft:magenta_wool":1,"minecraft:minecart":36,"minecraft:gold_block":86,"minecraft:powder_snow_bucket":5,"minecraft:observer":7,"minecraft:turtle_egg":15,"minecraft:stripped_spruce_wood":26,"minecraft:calcite":341,"minecraft:end_rod":19,"minecraft:spruce_door":3,"minecraft:snow_block":630,"minecraft:birch_planks":2,"minecraft:red_stained_glass":6,"minecraft:powered_rail":276,"minecraft:polished_andesite":145,"minecraft:oak_planks":467,"minecraft:blue_wool":56,"minecraft:smooth_sandstone_slab":16,"minecraft:structure_void":80,"minecraft:glow_ink_sac":1,"minecraft:oak_leaves":75,"minecraft:white_wool":23,"minecraft:diamond_block":177,"minecraft:blue_dye":1,"minecraft:rail":374,"minecraft:cut_sandstone_slab":2,"minecraft:yellow_concrete":2,"minecraft:crossbow":211,"minecraft:note_block":32,"minecraft:spruce_log":126,"minecraft:dark_oak_door":2,"minecraft:black_terracotta":1,"minecraft:lever":70,"minecraft:black_concrete":4,"minecraft:light":38,"minecraft:black_wool":14,"minecraft:firework_rocket":982,"minecraft:gray_stained_glass_pane":60,"minecraft:light_gray_concrete":231,"minecraft:barrier":1379,"minecraft:stone_button":24,"minecraft:string":2,"minecraft:pig_spawn_egg":2,"minecraft:detector_rail":1,"minecraft:iron_door":1,"minecraft:yellow_wool":52,"minecraft:pufferfish":1,"minecraft:fishing_rod":220,"minecraft:coal_block":2,"minecraft:wooden_sword":1,"minecraft:potion":6,"minecraft:bucket":141,"minecraft:chain":1,"minecraft:glass_pane":62,"minecraft:ice":16,"minecraft:chest_minecart":7,"minecraft:oak_boat":3,"minecraft:polished_blackstone_button":2,"minecraft:white_concrete":605,"minecraft:smooth_stone":14,"minecraft:jukebox":2,"minecraft:splash_potion":1},"minecraft:picked_up":{"minecraft:fishing_rod":2,"minecraft:anvil":1,"minecraft:pink_wool":1,"minecraft:oak_stairs":1,"minecraft:potion":2,"minecraft:string":2,"minecraft:cooked_salmon":1,"minecraft:red_candle":4,"minecraft:pufferfish":1,"minecraft:activator_rail":1,"minecraft:bucket":2,"minecraft:netherite_sword":2,"minecraft:music_disc_otherside":1,"minecraft:player_head":259,"minecraft:minecart":1,"minecraft:stone":2,"minecraft:copper_ingot":1,"minecraft:bowl":1,"minecraft:stone_button":2,"minecraft:saddle":1,"minecraft:gold_ingot":2,"minecraft:cod":2,"minecraft:white_wool":1,"minecraft:feather":2,"minecraft:salmon":1,"minecraft:powder_snow_bucket":2,"minecraft:bat_spawn_egg":1,"minecraft:paper":12,"minecraft:twisting_vines":1,"minecraft:smooth_sandstone":2,"minecraft:wheat_seeds":1,"minecraft:iron_ingot":3,"minecraft:oak_planks":1,"minecraft:milk_bucket":1,"minecraft:light_gray_stained_glass":1,"minecraft:cooked_porkchop":2,"minecraft:axolotl_bucket":4,"minecraft:lava_bucket":1,"minecraft:grass_block":1,"minecraft:light_gray_concrete":1,"minecraft:firework_rocket":2,"minecraft:lever":1,"minecraft:crossbow":1,"minecraft:white_concrete":1,"minecraft:oak_leaves":3},"minecraft:killed":{"minecraft:pig":1,"minecraft:goat":1},"minecraft:custom":{"minecraft:inspect_dropper":4,"minecraft:mob_kills":5,"minecraft:interact_with_anvil":1,"minecraft:inspect_hopper":1,"minecraft:interact_with_campfire":2,"minecraft:bell_ring":105,"minecraft:eat_cake_slice":2,"minecraft:leave_game":11,"minecraft:time_since_death":559043,"minecraft:climb_one_cm":1520,"minecraft:sprint_one_cm":397400,"minecraft:walk_one_cm":545836,"minecraft:drop":213,"minecraft:talked_to_villager":1,"minecraft:play_time":559043,"minecraft:sneak_time":29158,"minecraft:walk_under_water_one_cm":1352,"minecraft:boat_one_cm":90199,"minecraft:jump":2729,"minecraft:walk_on_water_one_cm":2403,"minecraft:total_world_time":559043,"minecraft:play_record":3,"minecraft:tune_noteblock":113,"minecraft:interact_with_grindstone":2,"minecraft:sleep_in_bed":3,"minecraft:time_since_rest":181954,"minecraft:open_enderchest":2,"minecraft:trigger_trapped_chest":2,"minecraft:minecart_one_cm":211142,"minecraft:damage_dealt":154,"minecraft:fly_one_cm":6232146,"minecraft:open_chest":24,"minecraft:pig_one_cm":1502,"minecraft:crouch_one_cm":115049,"minecraft:aviate_one_cm":1305604,"minecraft:fish_caught":3,"minecraft:inspect_dispenser":34},"minecraft:dropped":{"minecraft:iron_ingot":3,"minecraft:minecart":1,"minecraft:barrier":1,"minecraft:feather":2,"minecraft:activator_rail":1,"minecraft:copper_ingot":1,"minecraft:grass_block":1,"minecraft:structure_void":3,"minecraft:cod":2,"minecraft:pufferfish":1,"minecraft:lava_bucket":1,"minecraft:milk_bucket":4,"minecraft:ice":1,"minecraft:white_concrete":2,"minecraft:light_gray_stained_glass":1,"minecraft:potion":4,"minecraft:wooden_sword":1,"minecraft:oak_stairs":1,"minecraft:writable_book":1,"minecraft:axolotl_bucket":6,"minecraft:paper":12,"minecraft:string":1,"minecraft:smooth_sandstone":1,"minecraft:fishing_rod":2,"minecraft:bucket":1,"minecraft:white_wool":2,"minecraft:gold_ingot":2,"minecraft:spyglass":1,"minecraft:player_head":135,"minecraft:bowl":1,"minecraft:netherite_sword":1,"minecraft:oak_planks":1,"minecraft:light_gray_concrete":2,"minecraft:oak_sign":1,"minecraft:salmon":1,"minecraft:bat_spawn_egg":1,"minecraft:light":4,"minecraft:powder_snow_bucket":2,"minecraft:oak_leaves":4,"minecraft:black_wool":1,"minecraft:firework_rocket":1}},"DataVersion":2865}