{"stats":{"minecraft:used":{"minecraft:quartz_bricks":9,"minecraft:dark_oak_stairs":23,"minecraft:water_bucket":1,"minecraft:music_disc_otherside":1,"minecraft:sandstone_stairs":6,"minecraft:snow_block":6,"minecraft:carved_pumpkin":3,"minecraft:red_concrete":108,"minecraft:stripped_birch_log":9,"minecraft:armor_stand":3,"minecraft:powered_rail":2,"minecraft:white_concrete_powder":7,"minecraft:red_nether_bricks":78,"minecraft:oak_sign":14,"minecraft:lime_concrete_powder":8,"minecraft:chest":23,"minecraft:ender_chest":3,"minecraft:stone":7,"minecraft:redstone_block":2,"minecraft:cauldron":1,"minecraft:quartz_stairs":24,"minecraft:smooth_quartz_stairs":18,"minecraft:white_candle":4,"minecraft:spruce_leaves":453,"minecraft:dark_oak_trapdoor":1,"minecraft:dirt":7,"minecraft:red_nether_brick_slab":4,"minecraft:crafting_table":1,"minecraft:jungle_planks":15,"minecraft:cobblestone_wall":8,"minecraft:black_banner":1,"minecraft:yellow_concrete":291,"minecraft:campfire":14,"minecraft:painting":1,"minecraft:blue_concrete":37,"minecraft:spruce_log":35,"minecraft:nether_brick_stairs":16,"minecraft:oak_log":111,"minecraft:black_terracotta":1242,"minecraft:lever":4,"minecraft:piston":1,"minecraft:brown_terracotta":126,"minecraft:flower_pot":3,"minecraft:light":21,"minecraft:waxed_exposed_cut_copper_stairs":18,"minecraft:birch_fence_gate":2,"minecraft:daylight_detector":38,"minecraft:red_wool":112,"minecraft:spruce_wood":247,"minecraft:lantern":11,"minecraft:map":2,"minecraft:dark_oak_slab":9,"minecraft:spruce_trapdoor":1,"minecraft:item_frame":7,"minecraft:blackstone_slab":1,"minecraft:nether_wart_block":20,"minecraft:glowstone":6,"minecraft:red_carpet":8,"minecraft:redstone_lamp":62,"minecraft:lime_concrete":4,"minecraft:bow":43,"minecraft:waxed_oxidized_cut_copper_stairs":4,"minecraft:ice":11,"minecraft:skeleton_skull":1,"minecraft:white_concrete":74,"minecraft:observer":4,"minecraft:jukebox":2},"minecraft:custom":{"minecraft:play_record":1,"minecraft:interact_with_crafting_table":2,"minecraft:fill_cauldron":1,"minecraft:leave_game":2,"minecraft:time_since_death":167633,"minecraft:time_since_rest":167633,"minecraft:sprint_one_cm":35877,"minecraft:open_enderchest":3,"minecraft:walk_one_cm":142578,"minecraft:drop":8,"minecraft:fly_one_cm":1928420,"minecraft:open_chest":8,"minecraft:crouch_one_cm":11371,"minecraft:play_time":167633,"minecraft:sneak_time":10158,"minecraft:walk_under_water_one_cm":145,"minecraft:jump":436,"minecraft:walk_on_water_one_cm":283,"minecraft:total_world_time":167633},"minecraft:crafted":{"minecraft:leather_boots":1,"minecraft:leather_leggings":1,"minecraft:leather_helmet":1,"minecraft:leather_chestplate":1},"minecraft:dropped":{"minecraft:music_disc_otherside":1,"minecraft:oak_sign":1,"minecraft:flower_pot":5,"minecraft:bow":1},"minecraft:picked_up":{"minecraft:light":1,"minecraft:item_frame":1,"minecraft:red_carpet":2,"minecraft:oak_sign":1,"minecraft:bow":2,"minecraft:music_disc_otherside":3}},"DataVersion":2865}