{"stats":{"minecraft:used":{"minecraft:stripped_acacia_wood":16,"minecraft:dark_oak_stairs":34,"minecraft:trident":6,"minecraft:music_disc_otherside":1,"minecraft:snow_block":2680,"minecraft:carved_pumpkin":8,"minecraft:smooth_quartz_slab":26,"minecraft:birch_leaves":1,"minecraft:dispenser":2,"minecraft:spruce_slab":1,"minecraft:powered_rail":3,"minecraft:ladder":6,"minecraft:oak_sign":7,"minecraft:spruce_planks":301,"minecraft:chest":18,"minecraft:white_terracotta":40,"minecraft:stone":123,"minecraft:white_dye":2,"minecraft:glow_ink_sac":2,"minecraft:player_head":62,"minecraft:oak_leaves":1,"minecraft:smooth_quartz_stairs":43,"minecraft:oak_door":3,"minecraft:spruce_leaves":126,"minecraft:white_wool":473,"minecraft:dirt":4,"minecraft:spyglass":33,"minecraft:spruce_stairs":5,"minecraft:light_gray_terracotta":2,"minecraft:cyan_dye":1,"minecraft:acacia_leaves":1,"minecraft:spruce_log":556,"minecraft:dark_oak_door":2,"minecraft:milk_bucket":2,"minecraft:glass":1585,"minecraft:sea_lantern":6,"minecraft:light":110,"minecraft:black_concrete":6,"minecraft:black_wool":22,"minecraft:stripped_dark_oak_wood":570,"minecraft:red_wool":1147,"minecraft:spruce_wood":66,"minecraft:lantern":13,"minecraft:grass_block":3,"minecraft:oak_stairs":8,"minecraft:smooth_sandstone":21,"minecraft:barrier":1,"minecraft:pig_spawn_egg":1,"minecraft:quartz_block":194,"minecraft:dark_oak_wood":70,"minecraft:dark_oak_slab":26,"minecraft:spruce_trapdoor":16,"minecraft:spruce_sapling":3,"minecraft:jungle_sign":1,"minecraft:coal_block":19,"minecraft:snow":1362,"minecraft:potion":1,"minecraft:azalea_leaves":1,"minecraft:hay_block":1,"minecraft:black_dye":1,"minecraft:minecart":9,"minecraft:glass_pane":41,"minecraft:oak_boat":1,"minecraft:bone_meal":10},"minecraft:picked_up":{"minecraft:potion":1,"minecraft:light":32,"minecraft:twisting_vines":4,"minecraft:music_disc_otherside":1,"minecraft:player_head":152,"minecraft:dark_oak_door":1,"minecraft:milk_bucket":1,"minecraft:chain_command_block":2,"minecraft:oak_door":1,"minecraft:music_disc_pigstep":1,"minecraft:command_block":2,"minecraft:repeating_command_block":2,"minecraft:snowball":7},"minecraft:killed":{"minecraft:snow_golem":1},"minecraft:dropped":{"minecraft:smooth_sandstone":4,"minecraft:white_wool":1},"minecraft:custom":{"minecraft:inspect_dropper":1,"minecraft:mob_kills":1,"minecraft:play_record":1,"minecraft:leave_game":3,"minecraft:time_since_death":309334,"minecraft:sleep_in_bed":1,"minecraft:climb_one_cm":3576,"minecraft:time_since_rest":100197,"minecraft:sprint_one_cm":52229,"minecraft:walk_one_cm":82325,"minecraft:drop":5,"minecraft:minecart_one_cm":162770,"minecraft:damage_dealt":40,"minecraft:talked_to_villager":23,"minecraft:fly_one_cm":2629909,"minecraft:open_chest":9,"minecraft:crouch_one_cm":26219,"minecraft:play_time":309334,"minecraft:sneak_time":19461,"minecraft:boat_one_cm":82828,"minecraft:aviate_one_cm":77792,"minecraft:jump":382,"minecraft:total_world_time":309334,"minecraft:inspect_dispenser":1}},"DataVersion":2865}