{"stats":{"minecraft:killed":{"minecraft:pufferfish":2,"minecraft:ocelot":1,"minecraft:polar_bear":1,"minecraft:cow":4},"minecraft:used":{"minecraft:oak_trapdoor":2,"minecraft:trident":63,"minecraft:netherite_sword":8,"minecraft:flint_and_steel":5,"minecraft:red_concrete":30,"minecraft:armor_stand":9,"minecraft:dispenser":17,"minecraft:redstone":76,"minecraft:pufferfish_spawn_egg":56,"minecraft:elytra":2,"minecraft:oak_sign":7,"minecraft:chest":45,"minecraft:stone":67,"minecraft:bell":5,"minecraft:cooked_salmon":1,"minecraft:player_head":63,"minecraft:smooth_sandstone_stairs":19,"minecraft:spruce_leaves":3246,"minecraft:torch":33,"minecraft:dirt":5,"minecraft:orange_wool":199,"minecraft:granite":38,"minecraft:milk_bucket":5,"minecraft:glass":499,"minecraft:lava_bucket":63,"minecraft:gray_dye":1,"minecraft:villager_spawn_egg":1,"minecraft:red_wool":316,"minecraft:spruce_wood":9,"minecraft:grass_block":160,"minecraft:oak_stairs":10,"minecraft:slime_block":2,"minecraft:smooth_sandstone":34,"minecraft:quartz_block":216,"minecraft:pink_wool":124,"minecraft:stone_brick_stairs":1,"minecraft:slime_spawn_egg":9,"minecraft:bedrock":13,"minecraft:glowstone":16,"minecraft:repeater":291,"minecraft:redstone_lamp":2,"minecraft:snow":63,"minecraft:magenta_wool":166,"minecraft:furnace":3,"minecraft:minecart":5,"minecraft:gold_block":617,"minecraft:trapped_chest":5,"minecraft:observer":3,"minecraft:powder_snow_bucket":142,"minecraft:enchanted_golden_apple":1,"minecraft:calcite":24,"minecraft:water_bucket":54,"minecraft:cow_spawn_egg":13,"minecraft:snow_block":474,"minecraft:red_stained_glass":1,"minecraft:chorus_fruit":1,"minecraft:powered_rail":8,"minecraft:oak_planks":1,"minecraft:blue_wool":61,"minecraft:smooth_sandstone_slab":10,"minecraft:ender_pearl":69,"minecraft:redstone_block":121,"minecraft:structure_void":5,"minecraft:white_dye":1,"minecraft:blue_bed":2,"minecraft:llama_spawn_egg":1,"minecraft:glow_ink_sac":4,"minecraft:oak_leaves":1423,"minecraft:white_wool":5,"minecraft:diamond_block":44,"minecraft:blue_dye":3,"minecraft:sand":22,"minecraft:rail":13,"minecraft:comparator":1,"minecraft:tnt":30,"minecraft:crafting_table":3,"minecraft:light_blue_wool":76,"minecraft:blast_furnace":1,"minecraft:crossbow":285,"minecraft:campfire":2,"minecraft:note_block":280,"minecraft:lingering_potion":2,"minecraft:smoker":1,"minecraft:creeper_spawn_egg":16,"minecraft:piston":36,"minecraft:lever":11,"minecraft:yellow_dye":1,"minecraft:light":335,"minecraft:activator_rail":7,"minecraft:black_wool":3,"minecraft:firework_rocket":356,"minecraft:light_gray_concrete":33,"minecraft:stone_button":16,"minecraft:tnt_minecart":417,"minecraft:deepslate":43,"minecraft:pufferfish":1,"minecraft:stone_axe":3,"minecraft:ocelot_spawn_egg":1,"minecraft:nether_wart_block":3,"minecraft:fishing_rod":253,"minecraft:potion":3,"minecraft:smithing_table":1,"minecraft:ice":77,"minecraft:oak_boat":2,"minecraft:white_concrete":28,"minecraft:husk_spawn_egg":5,"minecraft:splash_potion":281},"minecraft:custom":{"minecraft:mob_kills":11,"minecraft:interact_with_crafting_table":2,"minecraft:interact_with_campfire":4,"minecraft:bell_ring":114,"minecraft:leave_game":13,"minecraft:time_since_death":421351,"minecraft:climb_one_cm":433,"minecraft:sprint_one_cm":75956,"minecraft:walk_one_cm":168919,"minecraft:drop":91,"minecraft:talked_to_villager":2,"minecraft:play_time":421351,"minecraft:walk_under_water_one_cm":2809,"minecraft:sneak_time":22839,"minecraft:boat_one_cm":808,"minecraft:jump":1047,"minecraft:walk_on_water_one_cm":2610,"minecraft:total_world_time":421351,"minecraft:interact_with_furnace":1,"minecraft:traded_with_villager":1,"minecraft:tune_noteblock":3300,"minecraft:sleep_in_bed":1,"minecraft:time_since_rest":109004,"minecraft:damage_dealt":1137,"minecraft:swim_one_cm":566,"minecraft:fly_one_cm":3598541,"minecraft:open_chest":18,"minecraft:crouch_one_cm":26955,"minecraft:aviate_one_cm":1714601,"minecraft:fish_caught":3,"minecraft:inspect_dispenser":11},"minecraft:crafted":{"minecraft:firework_star":128,"minecraft:stone_axe":1,"minecraft:firework_rocket":192},"minecraft:dropped":{"minecraft:repeating_command_block":5,"minecraft:netherite_pickaxe":2,"minecraft:crossbow":1,"minecraft:feather":833,"minecraft:leather":2,"minecraft:command_block":3,"minecraft:copper_ingot":1,"minecraft:structure_void":1,"minecraft:cod":2,"minecraft:pufferfish":2,"minecraft:milk_bucket":1,"minecraft:ice":12,"minecraft:wooden_axe":1,"minecraft:white_concrete":1,"minecraft:cooked_cod":1,"minecraft:light_gray_stained_glass":1,"minecraft:potion":1,"minecraft:oak_stairs":1,"minecraft:axolotl_bucket":2,"minecraft:paper":12,"minecraft:smooth_sandstone":1,"minecraft:string":1,"minecraft:fishing_rod":3,"minecraft:bucket":2,"minecraft:redstone_block":1,"minecraft:gold_ingot":1,"minecraft:redstone":1,"minecraft:netherite_sword":3,"minecraft:oak_planks":1,"minecraft:light_gray_concrete":1,"minecraft:snow":1,"minecraft:stone":5,"minecraft:powder_snow_bucket":1,"minecraft:glass":1,"minecraft:beef":6,"minecraft:chain_command_block":3,"minecraft:oak_leaves":1},"minecraft:picked_up":{"minecraft:wooden_axe":1,"minecraft:fishing_rod":2,"minecraft:oak_stairs":1,"minecraft:potion":1,"minecraft:light":1,"minecraft:string":1,"minecraft:cooked_salmon":4,"minecraft:snow":1,"minecraft:pufferfish":3,"minecraft:oak_sign":3,"minecraft:activator_rail":2,"minecraft:netherite_sword":2,"minecraft:bucket":1,"minecraft:beef":6,"minecraft:player_head":2,"minecraft:stone":2,"minecraft:copper_ingot":1,"minecraft:torch":2,"minecraft:redstone":6,"minecraft:netherite_pickaxe":1,"minecraft:repeating_command_block":1,"minecraft:cooked_cod":1,"minecraft:gold_ingot":1,"minecraft:cod":5,"minecraft:rail":2,"minecraft:feather":257,"minecraft:salmon":2,"minecraft:leather":2,"minecraft:powder_snow_bucket":1,"minecraft:ice":9,"minecraft:paper":12,"minecraft:smooth_sandstone":2,"minecraft:glass":1,"minecraft:oak_planks":1,"minecraft:milk_bucket":1,"minecraft:light_gray_stained_glass":1,"minecraft:axolotl_bucket":2,"minecraft:structure_void":1,"minecraft:light_gray_concrete":1,"minecraft:white_concrete":1,"minecraft:oak_leaves":1}},"DataVersion":2865}