{"stats":{"minecraft:used":{"minecraft:oak_fence":4,"minecraft:orange_dye":51,"minecraft:light_gray_dye":66,"minecraft:orange_concrete":50,"minecraft:prismarine_brick_slab":7,"minecraft:carved_pumpkin":4,"minecraft:red_concrete":191,"minecraft:red_stained_glass":56,"minecraft:powered_rail":253,"minecraft:redstone":1,"minecraft:oak_planks":5,"minecraft:oak_sign":12,"minecraft:chest":2,"minecraft:white_terracotta":8,"minecraft:redstone_block":2,"minecraft:white_dye":60,"minecraft:glow_ink_sac":16,"minecraft:leather_boots":1,"minecraft:player_head":16,"minecraft:pink_concrete":10,"minecraft:anvil":3,"minecraft:blue_dye":4,"minecraft:rail":13,"minecraft:light_blue_dye":58,"minecraft:light_blue_concrete":56,"minecraft:crafting_table":1,"minecraft:yellow_concrete":53,"minecraft:pink_dye":69,"minecraft:infested_stone_bricks":13,"minecraft:snowball":1316,"minecraft:bat_spawn_egg":17,"minecraft:black_terracotta":147,"minecraft:glass":3,"minecraft:lever":40,"minecraft:yellow_dye":50,"minecraft:activator_rail":6,"minecraft:firework_rocket":198,"minecraft:gray_dye":53,"minecraft:villager_spawn_egg":14,"minecraft:yellow_stained_glass":1,"minecraft:light_gray_concrete":110,"minecraft:spruce_wood":4,"minecraft:iron_block":22,"minecraft:grass_block":18,"minecraft:smooth_sandstone":1170,"minecraft:barrier":600,"minecraft:spawner":1,"minecraft:detector_rail":3,"minecraft:lime_dye":50,"minecraft:pink_wool":142,"minecraft:cat_spawn_egg":2,"minecraft:blaze_spawn_egg":1,"minecraft:purple_concrete":44,"minecraft:potion":1,"minecraft:fishing_rod":272,"minecraft:wooden_sword":3,"minecraft:lime_concrete":52,"minecraft:snow":23,"minecraft:dark_oak_fence":6,"minecraft:minecart":72,"minecraft:bucket":348,"minecraft:oak_boat":2,"minecraft:stone_pressure_plate":12,"minecraft:white_concrete":2,"minecraft:splash_potion":45,"minecraft:powder_snow_bucket":400,"minecraft:magenta_dye":56},"minecraft:picked_up":{"minecraft:barrier":65,"minecraft:redstone_block":1,"minecraft:repeater":1,"minecraft:glow_ink_sac":1,"minecraft:light":1,"minecraft:paper":2,"minecraft:wooden_sword":1,"minecraft:oak_sign":1,"minecraft:bucket":1,"minecraft:netherite_sword":1,"minecraft:yellow_stained_glass":1,"minecraft:player_head":1215,"minecraft:powered_rail":1,"minecraft:chain_command_block":1,"minecraft:structure_void":1,"minecraft:stone_button":1,"minecraft:grass_block":1,"minecraft:redstone":6,"minecraft:repeating_command_block":1,"minecraft:command_block":1,"minecraft:blue_dye":1,"minecraft:saddle":1,"minecraft:snowball":8,"minecraft:rail":10},"minecraft:killed":{"minecraft:iron_golem":3,"minecraft:snow_golem":1},"minecraft:dropped":{"minecraft:orange_dye":64,"minecraft:player_head":660,"minecraft:glow_ink_sac":2,"minecraft:minecart":1,"minecraft:pink_dye":64,"minecraft:netherite_sword":1,"minecraft:barrier":33,"minecraft:oak_planks":1,"minecraft:lime_dye":64,"minecraft:yellow_stained_glass":1,"minecraft:name_tag":64,"minecraft:activator_rail":1,"minecraft:oak_sign":4,"minecraft:grass_block":2,"minecraft:infested_stone_bricks":1,"minecraft:structure_void":1,"minecraft:bat_spawn_egg":1,"minecraft:iron_block":1,"minecraft:light_blue_dye":64,"minecraft:snow":1,"minecraft:blue_dye":2,"minecraft:yellow_dye":64,"minecraft:pink_wool":1,"minecraft:snowball":4,"minecraft:potion":1,"minecraft:white_dye":64,"minecraft:light_gray_dye":64,"minecraft:magenta_dye":64,"minecraft:glass":1,"minecraft:bucket":1,"minecraft:gray_dye":64,"minecraft:redstone_block":1,"minecraft:firework_rocket":26},"minecraft:custom":{"minecraft:inspect_dropper":1,"minecraft:mob_kills":7,"minecraft:interact_with_anvil":5,"minecraft:interact_with_crafting_table":2,"minecraft:tune_noteblock":1,"minecraft:leave_game":7,"minecraft:time_since_death":183856,"minecraft:climb_one_cm":451,"minecraft:time_since_rest":183856,"minecraft:open_enderchest":2,"minecraft:sprint_one_cm":115145,"minecraft:walk_one_cm":83307,"minecraft:trigger_trapped_chest":1,"minecraft:drop":192,"minecraft:minecart_one_cm":219171,"minecraft:damage_dealt":3120,"minecraft:fly_one_cm":1840788,"minecraft:open_chest":11,"minecraft:crouch_one_cm":35417,"minecraft:play_time":183856,"minecraft:sneak_time":16072,"minecraft:walk_under_water_one_cm":808,"minecraft:boat_one_cm":61497,"minecraft:jump":1280,"minecraft:walk_on_water_one_cm":122,"minecraft:total_world_time":183856,"minecraft:inspect_dispenser":4},"minecraft:crafted":{"minecraft:firework_star":64,"minecraft:firework_rocket":192}},"DataVersion":2865}