{"stats":{"minecraft:used":{"minecraft:dark_oak_stairs":104,"minecraft:petrified_oak_slab":2,"minecraft:yellow_banner":23,"minecraft:end_rod":8,"minecraft:flint_and_steel":3,"minecraft:orange_concrete":218,"minecraft:snow_block":333,"minecraft:powered_rail":44,"minecraft:birch_planks":234,"minecraft:stripped_birch_log":5,"minecraft:red_stained_glass":16,"minecraft:spruce_slab":7,"minecraft:redstone":2,"minecraft:oak_planks":364,"minecraft:oak_sign":6,"minecraft:chest":20,"minecraft:stone":210,"minecraft:chainmail_helmet":1,"minecraft:player_head":12,"minecraft:smooth_sandstone_stairs":8,"minecraft:green_terracotta":71,"minecraft:spruce_leaves":2319,"minecraft:oak_leaves":1716,"minecraft:white_candle":1,"minecraft:white_wool":1,"minecraft:diamond_block":8,"minecraft:orange_carpet":39,"minecraft:sand":2,"minecraft:rail":588,"minecraft:hopper":2,"minecraft:yellow_concrete":102,"minecraft:campfire":2,"minecraft:note_block":8,"minecraft:stone_brick_wall":3,"minecraft:infested_stone_bricks":3,"minecraft:snowball":15,"minecraft:lightning_rod":3,"minecraft:dark_oak_door":6,"minecraft:milk_bucket":4,"minecraft:orange_candle":8,"minecraft:oak_log":11,"minecraft:glass":31,"minecraft:dark_oak_planks":62,"minecraft:lever":13,"minecraft:flower_pot":2,"minecraft:light":19,"minecraft:sea_lantern":54,"minecraft:black_wool":2,"minecraft:firework_rocket":3,"minecraft:stripped_dark_oak_wood":224,"minecraft:dark_oak_log":112,"minecraft:red_wool":7,"minecraft:spruce_wood":536,"minecraft:yellow_stained_glass":17,"minecraft:birch_slab":136,"minecraft:black_stained_glass_pane":2,"minecraft:oak_stairs":6,"minecraft:barrier":58,"minecraft:map":2,"minecraft:smooth_sandstone":277,"minecraft:dark_oak_wood":201,"minecraft:leather_helmet":1,"minecraft:dark_oak_slab":147,"minecraft:spruce_sapling":3,"minecraft:pink_wool":30,"minecraft:stone_bricks":13,"minecraft:coal_block":3,"minecraft:glowstone":576,"minecraft:repeater":5,"minecraft:redstone_lamp":6,"minecraft:snow":179,"minecraft:black_stained_glass":104,"minecraft:orange_banner":2,"minecraft:scaffolding":1,"minecraft:dark_oak_fence":7,"minecraft:minecart":22,"minecraft:gold_block":169,"minecraft:repeating_command_block":3,"minecraft:ice":5,"minecraft:trapped_chest":2,"minecraft:white_concrete":34,"minecraft:powder_snow_bucket":12,"minecraft:bone_meal":9},"minecraft:picked_up":{"minecraft:barrier":64,"minecraft:leather":2,"minecraft:pink_wool":1,"minecraft:filled_map":1,"minecraft:twisting_vines":1,"minecraft:oak_sign":432,"minecraft:beef":2,"minecraft:player_head":2,"minecraft:powered_rail":1,"minecraft:oak_planks":1,"minecraft:dark_oak_door":2,"minecraft:milk_bucket":1,"minecraft:yellow_banner":1,"minecraft:repeating_command_block":1,"minecraft:lever":1},"minecraft:dropped":{"minecraft:player_head":2,"minecraft:light":32,"minecraft:filled_map":1},"minecraft:custom":{"minecraft:mob_kills":1,"minecraft:tune_noteblock":93,"minecraft:pot_flower":3,"minecraft:leave_game":5,"minecraft:time_since_death":441344,"minecraft:climb_one_cm":267,"minecraft:time_since_rest":441383,"minecraft:walk_one_cm":238451,"minecraft:sprint_one_cm":8339,"minecraft:damage_taken":530,"minecraft:drop":4,"minecraft:minecart_one_cm":206133,"minecraft:damage_dealt":20,"minecraft:play_noteblock":113,"minecraft:fly_one_cm":11582112,"minecraft:open_chest":9,"minecraft:crouch_one_cm":15357,"minecraft:play_time":1105245,"minecraft:sneak_time":63743,"minecraft:deaths":1,"minecraft:walk_under_water_one_cm":4653,"minecraft:jump":513,"minecraft:walk_on_water_one_cm":309,"minecraft:total_world_time":1105384,"minecraft:fall_one_cm":4083,"minecraft:inspect_dispenser":1}},"DataVersion":2865}