{"stats":{"minecraft:used":{"minecraft:oak_fence":17,"minecraft:yellow_dye":3,"minecraft:orange_stained_glass":20,"minecraft:black_wool":35,"minecraft:light":30,"minecraft:black_concrete":11,"minecraft:glowstone":31,"minecraft:yellow_terracotta":12,"minecraft:orange_concrete":27,"minecraft:red_wool":87,"minecraft:yellow_stained_glass":58,"minecraft:spruce_wood":1,"minecraft:light_blue_wool":32,"minecraft:blue_wool":144,"minecraft:orange_wool":75,"minecraft:oak_sign":17,"minecraft:yellow_concrete":81,"minecraft:gold_block":1,"minecraft:raw_gold_block":1,"minecraft:milk_bucket":2},"minecraft:custom":{"minecraft:time_since_rest":41179,"minecraft:open_chest":1,"minecraft:crouch_one_cm":2300,"minecraft:sprint_one_cm":3699,"minecraft:play_time":41179,"minecraft:walk_one_cm":18003,"minecraft:sneak_time":2652,"minecraft:jump":68,"minecraft:leave_game":3,"minecraft:time_since_death":41179,"minecraft:total_world_time":41179,"minecraft:fly_one_cm":257473}},"DataVersion":2865}